1,Badakhshan,36.7347725,70.8119953,0.387,29,67.5,57.3,NULL
2,Badghis,35.1671339,63.7695384,0.466,29,79.3,58.8,NULL
3,Baghlan,35.8042947,69.2877535,0.3,29,59.7,50.3,NULL
4,Balkh,36.7550603,66.8975372,0.301,29,55.7,54.1,NULL
5,Bamyan,34.8100067,67.8212104,0.325,29,61,53.3,NULL
6,Daykundi,33.669495,66.0463534,0.313,29,65.1,48.1,NULL
7,Farah,32.4464635,62.1454133,0.319,29,61.4,52,NULL
8,Faryab,36.0795613,64.905955,0.25,29,49.4,50.6,NULL
9,Ghazni,33.5450587,68.4173972,0.245,29,47.4,51.6,NULL
10,Ghor,34.0995776,64.905955,0.384,29,74.6,51.5,NULL
11,Helmand,31.3636474,63.9586111,0.261,29,61.8,42.2,NULL
12,Herat,11.6155109,104.3791912,0.353,29,63.3,55.8,NULL
13,Jawzjan,36.8969692,65.6658568,0.293,29,60.9,48.1,NULL
14,Kabul,34.5553494,69.207486,0.117,29,25.3,46.1,NULL
15,Kandahar,31.628871,65.7371749,0.437,29,72.1,60.7,NULL
16,Kapisa,34.9810572,69.6214562,0.28,29,53.6,52.3,NULL
17,Khost,33.3338472,69.9371673,0.296,29,57.8,51.1,NULL
18,Kunarha,34.8465893,71.097317,0.269,29,58.3,46.2,NULL
19,Kunduz,36.7285907,68.8680663,0.294,29,60.5,48.5,NULL
20,Laghman,34.6897687,70.1455805,0.369,29,70.4,52.4,NULL
21,Logar,34.0145518,69.1923916,0.187,29,41.4,45.2,NULL
22,Nangarhar,34.1718313,70.6216794,0.287,29,54.9,52.4,NULL
23,Nimroz,31.0261488,62.4504154,0.231,29,45.4,50.9,NULL
24,Nooristan,35.3250223,70.9071236,0.611,29,93.7,65.2,NULL
25,Paktika,32.2645386,68.5247149,0.137,29,28.1,48.6,NULL
26,Paktya,33.706199,69.3831079,0.218,29,45.2,48.3,NULL
27,Panjsher,35.5025772,69.9550338,0.12,29,25.8,46.6,NULL
28,Parwan,34.9630977,68.8108849,0.294,29,58.6,50.1,NULL
29,Samangan,35.9807296,67.5708536,0.35,29,64.3,54.4,NULL
30,Sar-E-Pul,35.6707473,66.0463534,0.341,29,67.8,50.3,NULL
31,Takhar,36.6698013,69.4784541,0.361,29,65.1,55.4,NULL
32,Urozgan,32.9271287,66.1415263,0.624,29,94.5,66,NULL
33,Wardak,34.3513494,68.2385339,0.34,29,67.9,50.1,NULL
34,Zabul,32.1918782,67.1894488,0.175,29,34.6,50.4,NULL
35,Bujumbura Mairie,-3.4146958,29.3598782,0.164,52,36.3,45.3,NULL
36,Nord,-3.373056,29.918886,0.501,52,85.7,58.4,NULL
41,Centre-Est,9.0630743,7.464915,0.473,52,83.6,56.5,NULL
43,Ouest,-3.373056,29.918886,0.499,52,87.8,56.8,NULL
47,Sud,14.6090537,121.0222565,0.422,52,78.9,53.5,NULL
50,Alibori,10.9681093,2.7779813,0.528,71,92.7,57,NULL
51,Atacora,10.7954931,1.6760691,0.454,71,85.7,53,NULL
52,Atlantique,6.6588391,2.2236667,0.278,71,57.3,48.5,NULL
53,Borgou,9.5340864,2.7779813,0.351,71,71.4,49.2,NULL
54,Collines,13.718252,-2.302446,0.292,71,62,47.1,NULL
55,Couffo,7.0035894,1.7538817,0.345,71,71.2,48.5,NULL
56,Donga,9.7191867,1.6760691,0.335,71,70.2,47.7,NULL
57,Littoral,6.3806973,2.4406387,0.083,71,20.1,41.4,NULL
58,Mono,6.6607182,1.7538817,0.259,71,56.1,46.1,NULL
59,Ouðmð,NULL,NULL,0.238,71,51.6,46.1,NULL
60,Plateau,7.3445141,2.539603,0.347,71,71.8,48.3,NULL
62,Zou,7.3469268,2.0665197,0.334,71,67.3,49.7,NULL
63,Boucle de mouhoun,8.8556838,7.179026,0.591,47,91.9,64.3,NULL
64,Cascades,10.4072992,-4.5624426,0.493,47,84.4,58.4,NULL
65,Centre,12.3425897,-1.443469,0.207,47,43.9,47.3,NULL
68,Centre-est,11.5247674,-0.1494988,0.58,47,91.6,63.3,NULL
69,Centre-nord,13.1724464,-0.9056623,0.575,47,93.6,61.4,NULL
70,Centre-ouest,11.8798466,-2.302446,0.554,47,86.6,64,NULL
71,Centre-sud,11.5228911,-1.0586135,0.513,47,86.8,59.1,NULL
72,Est,12.4365526,0.9056623,0.698,47,96.7,72.2,NULL
74,Hauts basins,11.4942003,-4.2333355,0.459,47,74.9,61.3,NULL
80,Plateau central,12.2537648,-0.7532809,0.524,47,87.6,59.8,NULL
81,Sahel,14.1000865,-0.1494988,0.69,47,97,71.1,NULL
82,Sud-ouest,10.4231493,-3.2583626,0.655,47,92.4,70.8,NULL
84,Barisal,22.7029212,90.3465971,0.224,5,46.5,48.1,NULL
85,Chittagong,22.3475365,91.8123324,0.186,5,38.9,47.9,NULL
86,Dhaka,23.810332,90.4125181,0.174,5,36.6,47.6,NULL
87,Khulna,22.845641,89.5403279,0.156,5,35.7,43.7,NULL
88,Rajshahi,24.3635886,88.6241351,0.192,5,41.4,46.3,NULL
89,Rangpur,25.7438916,89.275227,0.206,5,45.7,45.1,NULL
90,Sylhet,24.904539,91.8611011,0.32,5,61.9,51.8,NULL
91,Corozal,18.4030802,-88.3967536,0.026,145,6.2,41.6,16
97,Orange Walk,18.0842472,-88.5710266,0.019,145,4.4,42.6,NULL
98,Belize (excluding Belize City South Side),30.7326622,31.7195459,0.005,145,1.4,37.5,NULL
99,Stann Creek,16.8116631,-88.4016041,0.013,145,3.6,36.2,NULL
100,Toledo,16.2491923,-88.864698,0.019,145,4.9,39.8,NULL
101,Cayo,17.0984445,-88.9413865,0.054,145,13.6,39.8,NULL
102,Belize City South Side,17.4891317,-88.188656,0.005,145,1.3,35.7,NULL
103,Chuquisaca,-20.0249144,-64.1478236,0.145,69,31.8,45.4,70
106,La Paz,-16.489689,-68.1192936,0.077,69,18.4,41.8,23
130,Cochabamba,-17.4139766,-66.1653224,0.105,69,23.3,45,70
132,Oruro,26.9373041,90.4879916,0.073,69,17.2,42.3,70
135,Potosð,NULL,NULL,0.168,69,36.2,46.3,NULL
136,Tarija,-21.5213825,-64.7280952,0.081,69,18.4,43.9,70
140,Santa Cruz,-17.8145819,-63.1560853,0.043,69,10.4,40.9,99
146,Beni,-14.3782747,-65.0957792,0.099,69,23.3,42.5,NULL
147,Pando,-10.7988901,-66.9988011,0.087,69,21.8,39.8,NULL
148,Acre,-9.0237964,-70.8119953,0.072,46,15.6,46.4,NULL
149,Alagoas,-9.5713058,-36.7819505,0.042,46,9.4,44,NULL
150,Amapð,NULL,NULL,0.022,46,5.1,42.9,NULL
151,Amazonas,-3.4168427,-65.8560646,0.044,46,10.3,42.7,NULL
153,Bahia,-12.579738,-41.7007272,0.029,46,7,41.9,NULL
154,Cearð,-21.3223397,-46.3694179,0.029,46,7,42.1,NULL
155,Distrito Federal,-15.7997654,-47.8644715,0.008,46,2.3,35,3
157,Espðrito Santo,NULL,NULL,0.018,46,4.8,36.9,NULL
158,Goiðs,NULL,NULL,0.017,46,4.1,40.5,NULL
159,Maranhðo,-8.7224084,125.5712576,0.046,46,10.2,45.7,NULL
160,Mato Grosso,-12.6818712,-56.921099,0.019,46,4.5,41.6,NULL
161,Mato Grosso do Sul,-20.7722295,-54.7851531,0.019,46,4.3,43,NULL
162,Minas Gerais,-18.512178,-44.5550308,0.021,46,5.4,38.8,NULL
163,Paranð,NULL,NULL,0.016,46,4,38.7,NULL
164,Paraðba,NULL,NULL,0.032,46,7.6,41.9,NULL
165,Parð,NULL,NULL,0.035,46,7.8,45,NULL
166,Pernambuco,-8.8137173,-36.954107,0.027,46,6.5,42.2,NULL
167,Piauð,NULL,NULL,0.039,46,8.8,43.9,NULL
168,Rio Grande do Norte,-5.4025803,-36.954107,0.03,46,7.2,41.3,NULL
169,Rio Grande do Sul,-30.0346316,-51.2176986,0.012,46,3.2,38.9,NULL
170,Rio de Janeiro,-22.9068467,-43.1728965,0.011,46,2.9,37.1,0
171,Rondðnia,-17.8251657,31.03351,0.024,46,5.5,43.6,NULL
172,Roraima,2.7375971,-62.0750998,0.029,46,7.1,40.4,NULL
173,Santa Catarina,-27.2423392,-50.2188556,0.019,46,4.9,38.6,NULL
174,Sergipe,-10.5740934,-37.3856581,0.034,46,8,41.9,NULL
175,Sðo Paulo,-23.5671844,-46.7387185,0.012,46,3.4,35.4,NULL
176,Tocantins,-10.17528,-48.2982474,0.03,46,7.3,41.2,NULL
177,Bumthang,27.641839,90.6773046,0.042,146,10.7,39,NULL
178,Chukha,27.0784304,89.4742177,0.121,146,26.1,46.6,NULL
179,Dagana,27.0322861,89.8879304,0.222,146,48.8,45.5,NULL
180,Haa,27.2651669,89.1705998,0.059,146,14.9,39.8,NULL
181,Lhuntse,27.8264989,91.135302,0.151,146,36.1,41.7,NULL
182,Mongar,27.2617059,91.2891036,0.165,146,37.4,44.1,NULL
183,Paro,27.428684,89.4163654,0.026,146,6.5,39.3,NULL
184,Pemagatshel,27.98785,86.9250261,0.128,146,31,41.2,NULL
185,Punakha,27.5920869,89.8797459,0.088,146,19.5,45.2,NULL
186,Samdrup Jongkhar,26.8035682,91.5039207,0.149,146,34.5,43.2,NULL
187,Samtse,27.0291832,89.0561532,0.197,146,43.2,45.6,NULL
188,Sarpang,-2.5546618,29.6035495,0.102,146,23.3,43.9,NULL
189,Thimphu,27.4727924,89.6392863,0.016,146,4.3,37.8,NULL
190,Trashigang,27.3325014,91.5523435,0.132,146,30.2,43.8,NULL
191,Trashiyangtse,-20.3446313,44.7006138,0.121,146,29.3,41.4,NULL
192,Trongsa,27.5002269,90.5080634,0.148,146,34.5,42.8,NULL
193,Tsirang,27.032207,90.1869644,0.196,146,46,42.6,NULL
194,Wangdi,27.4879018,89.8996196,0.099,146,22.7,43.5,NULL
195,Zhemgang,27.076975,90.8294002,0.184,146,42.1,43.8,NULL
196,Ombella-M'poko,5.1188825,18.4276047,0.403,171,76.6,52.7,NULL
197,Lobaye,4.3525981,17.4795173,0.494,171,87.1,56.7,NULL
198,Mambðrð-Kadði,8.154077,123.258793,0.497,171,85.3,58.3,NULL
199,Nana-Mambðrð,NULL,NULL,0.52,171,88.5,58.8,NULL
200,Sangha-Mbaðrð,15.341806,-84.6060449,0.505,171,85.8,58.9,NULL
201,Ouham-Pendð,NULL,NULL,0.479,171,86.1,55.6,NULL
202,Ouham,7.090911,17.668887,0.533,171,90,59.2,NULL
203,Kðmo,NULL,NULL,0.501,171,86.7,57.8,NULL
204,Nana-Grðbizi,NULL,NULL,0.419,171,78.7,53.2,NULL
205,Ouaka,6.3168216,20.7122465,0.471,171,85,55.5,NULL
206,Haute-Kotto,7.7964379,23.3823545,0.42,171,77.7,54,NULL
207,Bamingui-Bangoran,8.2733455,20.7122465,0.364,171,72,50.6,NULL
208,Basse-Kotto,4.8719319,21.2845025,0.544,171,92.4,58.9,NULL
209,Mbomou,5.3561427,-3.9666402,0.491,171,89.7,54.8,NULL
210,Haut-Mbomou,6.2537134,25.4733554,0.418,171,83.3,50.2,NULL
211,Bangui,4.3946735,18.5581899,0.197,171,42.9,45.8,NULL
212,East,42.4708101,-92.3578032,0.008,8,1.9,40.6,NULL
214,Central,29.70534,-95.5483893,0.013,8,3.2,40.5,NULL
222,West,35.86166,104.195397,0.034,8,8.1,41.9,NULL
229,Centre-Nord,13.4540922,-16.6733441,0.322,32,62.5,51.6,NULL
230,Centre-Ouest,NULL,NULL,0.334,32,63.3,52.7,NULL
236,Nord-Est,5.308613,-3.9468284,0.374,32,69.3,54,NULL
238,Nord-Ouest,7.7027827,-5.036833,0.518,32,85.6,60.5,NULL
245,Sud sans Abidjan,NULL,NULL,0.264,32,53,49.9,NULL
248,Ville d'Abidjan,5.3428333,-4.0264183,0.109,32,25.2,43.1,NULL
249,Adamaoua,6.9181954,12.8054753,0.269,51,51.1,52.7,NULL
250,Centre (sans Yaoundð),NULL,NULL,0.179,51,41.8,42.7,NULL
251,Douala,4.0510564,9.7678687,0.024,51,6.7,36.4,32
255,Extrðme-Nord,NULL,NULL,0.54,51,86.7,62.3,NULL
256,Littoral (sans Douala),4.0134386,9.7170073,0.091,51,19.9,45.5,NULL
272,Sud-Ouest,5.1573493,9.3673084,0.129,51,29.3,44,NULL
273,Yaoundð,NULL,NULL,0.026,51,6.5,40.3,NULL
274,Kinshasa,-4.4419311,15.2662931,0.102,6,23.4,43.6,NULL
275,Bandundu,-4.163679,18.8076195,0.435,6,83.7,52,NULL
276,Bas-Congo,-5.2365685,13.914399,0.393,6,74.2,53,NULL
277,ðquateur,NULL,NULL,0.48,6,87.5,54.8,NULL
278,Kasað-Occidental,NULL,NULL,0.49,6,87.1,56.2,NULL
279,Kasað-Oriental,NULL,NULL,0.431,6,80.7,53.4,NULL
280,Katanga,-8.8851145,26.419389,0.4,6,72.4,55.2,NULL
281,Maniema,-3.0730929,26.0413889,0.409,6,78,52.4,NULL
282,Nord-Kivu,NULL,NULL,0.349,6,67,52.1,NULL
283,Orientale,1.6406296,26.419389,0.401,6,77.4,51.8,NULL
284,Sud-Kivu,-3.011658,28.299435,0.462,6,82.9,55.8,NULL
285,Kouilou,-4.1428413,11.8891721,0.352,82,73.5,47.9,NULL
286,Niari,5.4308921,7.5247243,0.238,82,52,45.7,NULL
287,Lðkoumou,NULL,NULL,0.323,82,64.1,50.4,NULL
288,Bouenza,NULL,NULL,0.274,82,56.2,48.7,NULL
289,Pool,-3.7762628,14.8454619,0.299,82,65,46,NULL
290,Plateaux,-2.0680088,15.4068079,0.357,82,72.2,49.4,NULL
291,Cuvette,-0.2877446,16.1580937,0.246,82,53.4,46.1,NULL
292,Cuvette-Ouest,0.144755,14.4723301,0.312,82,66.5,46.9,NULL
293,Sangha,1.4662328,15.4068079,0.285,82,55.9,51,NULL
294,Likouala,2.043924,17.668887,0.304,82,67.3,45.1,NULL
295,Brazzaville,18.8679349,-71.1225531,0.103,82,24.7,41.8,NULL
296,Pointe-Noire,-4.7691623,11.866362,0.094,82,22,42.8,NULL
297,Guajira Cesar Magdalena,10.7582091,-72.8451323,0.056,27,12.3,45.5,NULL
298,Barranquilla A. M.,11.0041072,-74.8069813,0.009,27,2.5,35.9,NULL
299,Atlantico San Andres Bolivar Norte,12.5450153,-81.7075787,0.012,27,3.3,36,NULL
300,Bolivar Sur Sucre Cordoba,8.5705151,8.3088441,0.061,27,14.7,41.4,NULL
301,Santanderes,6.6437076,-73.6536209,0.022,27,5.4,40.3,NULL
302,Boyaca Cmarca Meta,17.2317561,-13.1740348,0.018,27,4.7,37.8,NULL
303,Medellin A.M.,6.244203,-75.5812119,0.005,27,1.4,35.4,NULL
304,Antioquia Sin Medellin,6.244203,-75.5812119,0.037,27,9,40.8,NULL
305,Caldas Risaralda Quindio,NULL,NULL,0.009,27,2.4,38.2,NULL
306,Tolima Huila Caqueta,NULL,NULL,0.027,27,6.5,40.7,NULL
307,Cali A.M.,3.4516467,-76.5319854,0.005,27,1.4,35.8,NULL
308,Valle Sin Cali Ni Litoral,NULL,NULL,0.012,27,3.3,37.1,NULL
309,Cauca Y Nariðo Sin Litoral,NULL,NULL,0.039,27,8.9,44.4,NULL
310,Litoral Pacifico,5.2954172,-3.9835142,0.059,27,14.2,41.5,NULL
311,Bogota,13.4595508,-15.5401101,0.003,27,0.7,35.5,NULL
312,Orinoquia Y Amazonia,49.2647481,-122.7471312,0.028,27,7.1,39.9,NULL
313,Mwali (Mohðli),13.4929172,-16.0904721,0.213,135,45,47.3,NULL
314,Ndzuwani (Ndzouani or Anjouan),NULL,NULL,0.22,135,42.8,51.5,NULL
315,Ngazidja (Grande Comore),-17.1927361,-70.9328138,0.116,135,27.6,42.3,NULL
316,Djibouti,11.825138,42.590275,0.125,144,26.8,46.8,NULL
317,Other Districts,NULL,NULL,0.214,144,44,48.7,NULL
318,Cibao Nordeste,NULL,NULL,0.028,74,7.5,36.9,NULL
319,Cibao Noroeste,4.695135,96.7493993,0.047,74,11.6,40.3,NULL
320,Cibao Norte,18.8679349,-71.1225531,0.028,74,7.6,37.2,NULL
321,Cibao Sur,18.8679349,-71.1225531,0.03,74,8.1,36.5,NULL
322,Del Yuma,18.4296612,-68.675255,0.039,74,9.9,39.9,NULL
323,El Valle,18.9771643,-69.3786383,0.078,74,18,43.3,NULL
324,Enriquillo,18.4787964,-71.5961328,0.055,74,13.4,41.2,NULL
325,Higuamo,18.4901651,-69.9602108,0.043,74,10.5,40.5,NULL
326,Metropolitana,18.4870314,-69.9379724,0.028,74,7.5,36.7,NULL
327,Valdesia,18.41386,-70.277748,0.04,74,10.1,39.8,NULL
328,Mountains,-1.4693018,-78.8169396,0.014,70,3.5,38.3,NULL
329,Coast,34.352865,62.2040287,0.01,70,2.6,37.6,NULL
331,Amazon,-3.4653053,-62.2158805,0.046,70,11.2,41.3,NULL
332,Galapagos Island,-0.2051725,-78.4896935,0.003,70,0.8,36.5,NULL
333,Cairo,30.0444196,31.2357116,0.006,11,1.8,33.9,NULL
334,Alexandria,31.2000924,29.9187387,0.004,11,1.3,33.3,NULL
335,Port Said,10.9691601,20.7122465,0.003,11,1,34,NULL
336,Suez,29.9668343,32.5498069,0.008,11,2.3,34.7,NULL
337,Damietta,31.4175388,31.8144434,0.011,11,3.1,37.3,NULL
338,Dakahlia,31.0832017,31.4913182,0.005,11,1.5,34.4,NULL
339,Sharkia,NULL,NULL,0.01,11,2.4,39.1,NULL
340,Kalyubia,30.3292368,31.2168466,0.005,11,1.4,35.4,NULL
341,Kafr El-Sheikh,31.1063198,30.9419751,0.006,11,1.7,34.6,NULL
342,Gharbia,10.911057,-84.3172642,0.006,11,1.6,36.5,NULL
343,Menoufia,41.2666667,69.2166667,0.008,11,2.2,37.5,NULL
344,Behera,30.8480986,30.3435506,0.012,11,2.9,41.8,NULL
345,Ismailia,30.5964923,32.2714587,0.009,11,2.5,35.5,NULL
346,Giza,30.0130557,31.2088526,0.018,11,4.7,37.7,NULL
347,Beni Suef,29.0661274,31.0993845,0.017,11,4.7,35.9,NULL
348,Fayoum,29.3084021,30.8428497,0.022,11,5.8,38.8,NULL
349,Menya,28.0870967,30.7618397,0.022,11,5.7,38.6,NULL
350,Assuit,27.1783117,31.1859257,0.038,11,9.6,39.4,NULL
351,Souhag,26.5590737,31.6956705,0.035,11,8.6,40.4,NULL
352,Qena,26.155061,32.7160121,0.015,11,4.2,35.4,NULL
353,Aswan,24.088938,32.8998293,0.013,11,3.4,37.8,NULL
354,Luxor,25.6872431,32.6396357,0.015,11,4,38.4,NULL
355,Red Sea,25.1076838,33.7964613,0.015,11,3.7,41,NULL
357,New Valley,24.5455638,27.1735316,0.003,11,0.8,38.9,NULL
358,Matroh,6.8295019,-9.3673084,0.036,11,8.8,40.7,NULL
359,Tigray,14.0323336,38.3165725,0.537,9,85.4,63,NULL
360,Affar,11.7559388,40.958688,0.663,9,90.9,72.9,NULL
361,Amhara,11.3494247,37.9784585,0.588,9,90.1,65.2,NULL
362,Oromiya,7.5460377,40.6346851,0.592,9,91.2,64.8,NULL
363,Somali,6.6612293,43.7908453,0.647,9,93,69.6,NULL
364,Benishangul-Gumuz,10.7802889,35.5657862,0.584,9,89.8,65.1,NULL
365,Southern Nations Nationalities and People's Region,6.5156911,36.954107,0.574,9,89.7,64,NULL
366,Gambela,8.2471899,34.5915966,0.474,9,81.2,58.4,NULL
367,Harari,9.314866,42.1967716,0.333,9,57.9,57.4,NULL
368,Addis Ababa,8.9806034,38.7577605,0.085,9,20,42.4,NULL
369,Dire Dawa,9.6008747,41.850142,0.338,9,54.9,61.6,NULL
370,Libreville/Port-Gentil,0.456963,9.409852,0.024,117,6.5,36.5,NULL
371,Estuaire (sans Libreville),0.456963,9.409852,0.063,117,16.2,39.2,NULL
372,Haut-Ogoouð,NULL,NULL,0.092,117,21.1,43.6,NULL
373,Moyen-Ogoouð,NULL,NULL,0.138,117,30.9,44.7,NULL
374,Ngounið,NULL,NULL,0.184,117,40.8,45.2,NULL
375,Nyanga,-2.8821033,11.1617356,0.16,117,37.3,43,100
376,Ogoouð Maritime (sans Port-Gentil),NULL,NULL,0.076,117,17.9,42.5,NULL
377,Ogoouð-Ivindo,NULL,NULL,0.264,117,53.7,49,NULL
378,Ogoouð-Lolo,NULL,NULL,0.152,117,33.3,45.6,NULL
379,Woleu-Nðtem,NULL,NULL,0.096,117,23.3,41.2,NULL
380,Ashanti,6.7470436,-1.5208624,0.101,53,22.7,44.4,NULL
381,Brong Ahafo,7.9559247,-1.6760691,0.16,53,36.8,43.5,NULL
390,Eastern,31.2652893,32.3018661,0.155,53,34.2,45.5,NULL
398,Greater Accra,5.8142836,0.0746767,0.058,53,14.2,41,NULL
399,Northern,9.5439269,-0.9056623,0.382,53,73.8,51.8,NULL
403,Upper East,10.7082499,-0.9820668,0.289,53,61.6,47,NULL
404,Upper West,10.2529757,-2.1450245,0.259,53,54.3,47.8,NULL
405,Volta,6.5781373,0.4502368,0.138,53,31.8,43.5,NULL
406,Western,5.3901978,-2.1450245,0.122,53,28.4,42.9,NULL
413,Bokð,NULL,NULL,0.418,61,72.1,58,NULL
414,Conakry,9.6411855,-13.5784012,0.122,61,27.8,43.7,NULL
415,Faranah,10.0451022,-10.7492466,0.599,61,92.2,64.9,NULL
416,Kankan,10.3827887,-9.3118282,0.603,61,90.6,66.6,NULL
417,Kindia,10.0406725,-12.8629885,0.503,61,79.6,63.2,NULL
418,Labð,NULL,NULL,0.554,61,89,62.3,NULL
419,Mamou,10.3785237,-12.0832543,0.531,61,84.7,62.7,NULL
420,N'Zðrðkorð,NULL,NULL,0.509,61,87.2,58.4,NULL
421,Banjul,13.4548761,-16.5790323,0.095,108,21.1,45,NULL
422,Kanifing,14.6489525,2.1450245,0.157,108,32.7,48.2,NULL
423,Brikama,13.2747943,-16.6409198,0.242,108,50.6,47.7,NULL
424,Mansakonko,35.1408881,36.7551993,0.352,108,72.8,48.3,NULL
425,Kerewan,NULL,NULL,0.397,108,71.1,55.9,NULL
426,Kuntaur,12.1844159,6.2375947,0.555,108,91.9,60.4,NULL
427,Janjanbureh,13.5336211,-14.7695962,0.46,108,78.9,58.2,NULL
428,Basse,13.3094412,-14.2192475,0.524,108,89.2,58.7,NULL
429,Bafata,12.1735243,-14.652952,0.545,104,86.6,62.9,NULL
430,Biombo,11.8529061,-15.7351171,0.382,104,72.2,52.8,NULL
431,Bolama,11.5891108,-15.5122694,0.352,104,69,51,NULL
432,Cacheu,12.2732631,-16.1669156,0.335,104,68.1,49.2,NULL
433,Gabu,11.8962488,-14.1001326,0.544,104,87.1,62.5,NULL
434,Oio,12.2760709,-15.3131185,0.505,104,84.1,60.1,NULL
435,Quinara,11.795562,-15.1726816,0.414,104,76.9,53.8,NULL
436,Tombali,11.3632696,-14.9856176,0.43,104,79.5,54.1,NULL
437,Sab,NULL,NULL,0.163,104,37.1,44,NULL
438,Alta Verapaz,7.4952637,-10.0807298,0.214,36,47,45.6,NULL
439,Baja Verapaz,15.0787498,-90.4125181,0.147,36,31.9,46,NULL
440,Chimaltenango,14.6631591,-90.8246386,0.082,36,18.4,44.7,60
443,Chiquimula,14.7924897,-89.5450458,0.2,36,40.8,48.9,NULL
444,El Progreso,14.8921637,-90.0373201,0.07,36,15.6,45.2,NULL
445,Escuintla,14.3009252,-90.7881835,0.067,36,16.1,41.5,65
448,Guatemala Municipio,14.6349149,-90.5068824,0.014,36,3.3,42.7,NULL
449,Guatemala Resto,14.5987203,-90.5149157,0.036,36,8.4,43.4,NULL
450,Huehuetenango,15.3198766,-91.4918235,0.187,36,38.2,48.9,60
451,Izabal,15.5918066,-88.9413865,0.106,36,24.2,43.8,NULL
452,Jalapa,14.5655154,-89.9253233,0.165,36,33.9,48.6,99
453,Jutiapa,14.1930802,-89.9253233,0.113,36,24.6,45.8,NULL
454,Peten,16.912033,-90.2995785,0.134,36,29.8,44.8,NULL
455,Quetzaltenango,14.8520705,-91.5305465,0.094,36,21.1,44.5,60
457,Quiche,15.4983808,-90.9820668,0.193,36,41.5,46.4,60
461,Retalhuleu,14.5245485,-91.685788,0.1,36,22.8,43.8,NULL
462,Sacatepequez,14.6110576,-90.7152749,0.048,36,11.7,41.3,NULL
463,San Marcos,-26.9827577,31.3541631,0.123,36,27.1,45.3,16
464,Santa Rosa,14.1928003,-90.3748354,0.093,36,21.3,43.7,100
467,Solola,14.7666085,-91.1785016,0.09,36,20.9,43.2,60
471,Suchitepequez,13.3198572,-87.1622344,0.112,36,26.2,42.7,NULL
472,Totonicapan,14.9173402,-91.3613923,0.121,36,26.3,46.1,60
473,Zacapa,14.9676218,-89.5356094,0.112,36,23.9,46.8,NULL
474,Barima-Waini,7.4882419,-59.6564494,0.057,143,15,38,NULL
475,Cuyuni-Mazaruni and Potaro-Siparuni,45.4786354,-122.640354,0.095,143,22.1,42.8,NULL
476,Demerara-Mahaica,NULL,NULL,0.004,143,1.2,36.7,NULL
477,East Berbice-Corentyne,2.7477922,-57.4627259,0.006,143,1.7,37.6,NULL
478,Essequibo Islands-West Demerara,6.5720132,-58.4629997,0.005,143,1.3,38.2,NULL
479,Mahaica-Berbice,6.238496,-57.9162555,0.006,143,1.5,38.2,NULL
480,Pomeroon-Supenaam,7.1294166,-58.9206295,0.014,143,3.5,40.4,NULL
481,Upper Demerara-Berbice,5.3064879,-58.1892921,0.004,143,1.1,37,NULL
482,Upper Takutu-Upper Essequibo,2.9239595,-58.7373634,0.145,143,34,42.6,NULL
483,Atlðntida,NULL,NULL,0.045,78,10.1,45.1,NULL
484,Colðn,NULL,NULL,0.058,78,13.4,43.5,NULL
485,Comayagua,14.4490149,-87.6482474,0.077,78,16.7,46.1,NULL
486,Copðn,11.7274729,-86.2158497,0.161,78,33.2,48.4,NULL
487,Cortðs,NULL,NULL,0.026,78,6,42.5,NULL
488,Choluteca,13.4726005,-86.4592091,0.108,78,23.4,46,90
490,El Paraðso,NULL,NULL,0.095,78,20.9,45.2,NULL
491,Francisco Morazðn,NULL,NULL,0.031,78,6.9,44.3,NULL
492,Gracias a Dios,33.1870471,-4.2333355,0.124,78,29.5,42.2,NULL
493,Intibucð,NULL,NULL,0.139,78,29.9,46.4,NULL
494,Islas de la Bahða,NULL,NULL,0.017,78,4.5,38.2,NULL
519,Lempira,14.1887698,-88.556531,0.201,78,41.9,48,NULL
520,Ocotepeque,14.5170347,-89.0561532,0.109,78,22.5,48.2,NULL
521,Olancho,14.8067406,-85.7666645,0.089,78,19.2,46.5,NULL
522,Santa Bðrbara,NULL,NULL,0.076,78,16.9,45.1,NULL
523,Valle,13.5782936,-87.5791287,0.068,78,15.7,43.1,NULL
524,Yoro,15.1369653,-87.1273253,0.073,78,16.4,44.6,NULL
526,Aire Mðtropolitaine/Reste-Ouest,NULL,NULL,0.162,57,33.6,48.1,NULL
527,Sud-Est,27.6825285,91.4821482,0.307,57,62.6,49.1,NULL
535,Artibonite,19.362902,-72.4258145,0.316,57,60.6,52.1,86
543,Grande-Anse,18.5489259,-74.07701,0.378,57,71.8,52.6,NULL
547,Nippes,18.3990735,-73.4180211,0.257,57,53.7,47.9,NULL
548,Aceh,12.4315534,-86.8722146,0.077,10,18.3,42,NULL
549,North Sumatera,2.1153547,99.5450974,0.071,10,16,44.3,NULL
550,West Sumatera,-0.7399397,100.8000051,0.056,10,13.5,41.2,NULL
551,Riau,0.2933469,101.7068294,0.053,10,13.2,40.2,NULL
552,Jambi,-1.6101229,103.6131203,0.072,10,17,42.4,NULL
553,South Sumatera,-3.3194374,103.914399,0.054,10,12.7,42,NULL
554,Bengkulu,14.7546303,46.516262,0.059,10,13.4,44.1,NULL
555,Lampung,-4.5585849,105.4068079,0.065,10,15.2,42.9,NULL
556,Bangka Belitung,-2.7410513,106.4405872,0.053,10,13.4,39.2,NULL
557,Riau Islands,3.9456514,108.1428669,0.041,10,10.1,40.2,NULL
558,DKI Jakarta,-6.17511,106.8650395,0.029,10,7.8,36.8,NULL
559,West Java,-7.090911,107.668887,0.057,10,14.4,39.5,NULL
560,Central Java,-7.150975,110.1402594,0.053,10,12.9,41.3,NULL
561,DI Yogyakarta,-7.8753849,110.4262088,0.025,10,6.3,38.7,NULL
562,East Java,-7.5360639,112.2384017,0.055,10,13,42.5,NULL
563,Banten,-6.4058172,106.0640179,0.075,10,17.5,42.7,NULL
564,Bali,-8.4095178,115.188916,0.042,10,10.3,40.9,0
566,West Nusa Tenggara,-17.9646772,-67.1060353,0.121,10,26.6,45.3,NULL
567,East Nusa Tenggara,-8.6573819,121.0793705,0.164,10,34,48.3,NULL
568,West Kalimantan,-0.2787808,111.4752851,0.086,10,18.6,46.2,NULL
569,Central Kalimantan,-1.6814878,113.3823545,0.084,10,19.1,44.3,NULL
570,South Kalimantan,-3.0926415,115.2837585,0.085,10,18.5,45.9,NULL
571,East Kalimantan,0.5386586,116.419389,0.058,10,14.1,41.3,NULL
572,North Sulawesi,0.6246932,123.9750018,0.059,10,13.1,45.2,NULL
573,Central Sulawesi,-1.4300254,121.4456179,0.132,10,27.8,47.5,NULL
574,South Sulawesi,-3.6687994,119.9740534,0.063,10,15.3,41.5,NULL
575,Southeast Sulawesi,-4.14491,122.174605,0.109,10,23,47.3,NULL
576,Gorontalo,0.6999372,122.4467238,0.128,10,26.6,47.9,NULL
577,West Sulawesi,34.5337527,43.483738,0.161,10,31.8,50.6,NULL
578,Maluku,-2.8614979,129.5765974,0.105,10,23,45.8,NULL
579,North Maluku,1.5709993,127.8087693,0.129,10,28.2,45.7,NULL
580,West Papua,-4.185235,136.8252838,0.122,10,25.2,48.5,NULL
581,Papua,-4.269928,138.0803529,0.234,10,44.6,52.6,NULL
582,Dohuk,36.8679054,42.9488574,0.031,44,8.7,35.3,NULL
583,Ninewa,36.229574,42.2362435,0.054,44,13.8,39.2,NULL
584,Suleimaniya,35.5570454,45.4359425,0.01,44,2.7,34.9,NULL
585,Kirkuk,35.4655761,44.3803921,0.035,44,9.8,35.5,NULL
586,Erbil,36.2062933,44.0088697,0.031,44,8.2,37.7,NULL
587,Diyala,33.7733487,45.1494505,0.038,44,10,37.9,NULL
588,Al-Anbar,32.5597614,41.9196471,0.052,44,14,37.3,NULL
589,Baghdad,33.3128057,44.3614875,0.027,44,7.5,36,NULL
590,Babil,32.468191,44.5501935,0.042,44,10.8,38.4,NULL
591,Karbala,32.6068464,44.0103922,0.053,44,12.4,43,NULL
592,Wasit,32.6024094,45.7520985,0.058,44,14.2,40.8,NULL
593,Salahaddin,-0.9422027,-80.7303634,0.054,44,13.8,39.1,NULL
594,Al-Najaf,32.027376,44.3331165,0.055,44,14.1,39,NULL
595,Al-Qadisiya,32.043691,45.1494505,0.082,44,19.6,42.1,NULL
596,Al-Muthanna,-23.5819954,47.2923893,0.079,44,19.9,39.5,NULL
597,Thi-Qar,31.1042292,46.3624686,0.06,44,15.3,39.5,NULL
598,Missan,31.8734002,47.1362125,0.098,44,24.1,40.6,NULL
599,Basrah,30.5081033,47.7834888,0.045,44,12.5,35.9,NULL
600,Kingston,18.0178743,-76.8099041,0.009,130,2.2,39.1,NULL
601,St.  Andrew,18.0391345,-76.7567368,0.007,130,1.9,39.8,NULL
602,St. Thomas,17.9700261,-76.4331698,0.006,130,1.5,41.4,NULL
603,Portland,18.0844274,-76.4100267,0.004,130,1.2,36.1,NULL
604,St. Mary,18.3092711,-76.964306,0.009,130,2.7,34.9,NULL
605,St. Ann,27.002382,91.3469247,0.004,130,1.1,38.3,NULL
606,Trelawny,18.3526143,-77.6077865,0.016,130,3.8,41.4,NULL
607,St. James,18.3923184,-77.8595963,0.003,130,0.7,38.5,NULL
608,Hanover,18.4097707,-78.133638,0.007,130,1.9,35.4,NULL
609,Westmoreland,18.2944378,-78.1564432,0.004,130,1,40.2,NULL
610,St. Elizabeth,18.0788461,-77.6994197,0.013,130,3.2,41.5,NULL
611,Manchester,18.0669654,-77.5160788,0.006,130,1.5,36.6,NULL
612,Clarendon,NULL,NULL,0.014,130,3.7,37.9,NULL
613,St. Catherine,18.0364134,-77.0564464,0.004,130,0.8,41.8,NULL
622,North,10.3009641,9.8236533,0.006,101,1.8,35.5,86
630,South,40.5621704,-111.929658,0.008,101,2.2,34.2,NULL
651,Nairobi,-1.2920659,36.8219462,0.02,13,4.8,41.9,65
671,North Eastern,-0.0190061,37.6480812,0.509,13,83.3,61.1,NULL
672,Nyanza,-1.2849963,36.8272273,0.211,13,47.7,44.2,20
673,Rift Valley,-18.382333,47.2923893,0.205,13,42.4,48.3,NULL
681,Banteay Mean Chey,13.6672596,102.8975098,0.097,76,22.6,42.7,NULL
682,Battambang & Pailin,NULL,NULL,0.104,76,22.8,45.4,NULL
683,Kampong Cham,11.9924294,105.4645408,0.16,76,37.4,42.9,81
686,Kampong Chhnang,12.1392352,104.5655273,0.193,76,44.6,43.3,81
689,Kampong Speu,6.0673327,-59.6146737,0.182,76,42.5,42.7,81
693,Kampong Thom,-15.5997929,34.5140637,0.183,76,41,44.5,81
695,Kampot & Kep,10.4790637,104.2941991,0.155,76,35.1,44.2,NULL
696,Kandal,11.2237383,105.1258955,0.121,76,29.3,41.3,81
702,Kratie,12.4896877,106.0287512,0.274,76,55.6,49.3,NULL
703,Mondol Kiri & Rattanak Kiri,12.4534492,107.1771291,0.28,76,54.4,51.5,NULL
704,Otdar Mean Chey,14.1717195,103.6362715,0.196,76,45.7,43,NULL
705,Phnom Penh,11.5448729,104.8921668,0.026,76,7,38,90
714,Preah Sihanouk & Kaoh Kong,10.5669833,103.3039198,0.091,76,19.8,45.8,NULL
715,Preah Vihear & Steung Treng,NULL,NULL,0.304,76,62.2,48.8,NULL
716,Prey Veng,11.3802442,105.5005483,0.12,76,28.1,42.7,81
719,Pursat,12.3663211,103.6362715,0.221,76,47.2,46.7,81
725,Siem Reap,13.3670968,103.8448134,0.204,76,43.3,47.1,81
732,Svay Rieng,11.142722,105.8290298,0.1,76,24.8,40.2,NULL
733,Takeo,10.9321519,104.798771,0.106,76,25.8,41.2,81
736,Vientiane Capital,17.9757058,102.6331035,0.012,95,2.8,41.1,NULL
737,Phongsaly,21.5919377,102.2547919,0.311,95,56.1,55.5,NULL
738,Luangnamtha,20.9170187,101.1617356,0.165,95,35.5,46.5,NULL
739,Oudomxay,20.4921929,101.8891721,0.248,95,50.2,49.5,NULL
740,Bokeo,20.2872662,100.7097867,0.212,95,39.8,53.4,NULL
741,Luangprabang,20.0656229,102.6216211,0.18,95,36.4,49.6,NULL
742,Huaphanh,14.4215982,-91.4048249,0.184,95,37.9,48.5,NULL
743,Xayabury,19.1945799,101.483498,0.079,95,17.9,43.9,NULL
744,Xiengkhuang,19.6093003,103.7289167,0.164,95,33.2,49.4,NULL
745,Vientiane,17.9757058,102.6331035,0.063,95,14.2,44.7,NULL
746,Borikhamxay,18.4362924,104.4723301,0.063,95,14.1,44.5,NULL
747,Khammuane,17.6384066,105.2194808,0.2,95,40.1,49.9,NULL
748,Savannakhet,16.5722464,104.7705509,0.262,95,49.7,52.8,NULL
749,Saravane,15.8171073,106.2522143,0.359,95,62.8,57.2,NULL
750,Sekong,15.5767446,107.0067031,0.254,95,50,50.9,NULL
751,Champasack,14.6578664,105.9699878,0.149,95,31.4,47.6,NULL
752,Attapeu,14.93634,107.1011931,0.215,95,43.3,49.8,NULL
753,Bomi,6.7562926,-10.8451467,0.407,80,79.1,51.4,NULL
754,Bong,-5.115146,-78.1108279,0.508,80,83.9,60.6,NULL
755,Gbarpolu,48.963603,89.935224,0.505,80,86.3,58.5,NULL
756,Grand Bassa,6.2308452,-9.8124935,0.527,80,86.7,60.7,NULL
757,Grand Cape Mount,7.0467758,-11.0711758,0.482,80,85.6,56.3,NULL
758,Grand Gedeh,5.9222078,-8.2212979,0.349,80,74.9,46.6,NULL
759,Grand Kru,4.7613862,-8.2212979,0.48,80,90.6,52.9,NULL
760,Lofa,NULL,NULL,0.457,80,83.1,55,NULL
761,Margibi,6.5151875,-10.3048897,0.364,80,72.7,50.1,NULL
762,Maryland,4.7258878,-7.7416703,0.388,80,77.3,50.2,NULL
763,Montserrado,6.5525815,-10.5296115,0.25,80,54.2,46.2,NULL
764,Nimba,6.8427612,-8.6600586,0.377,80,72,52.4,NULL
765,River Cess,5.9025328,-9.456155,0.536,80,94.5,56.7,NULL
766,River Gee,5.2604894,-7.87216,0.433,80,81.4,53.1,NULL
767,Sinoe,5.49871,-8.6600586,0.445,80,84.4,52.7,NULL
768,Berea,-29.1746723,27.8311428,0.106,103,26,40.6,NULL
769,Botha-Bothe,-28.7653754,28.2468148,0.149,103,33.2,44.9,NULL
770,Leribe,-28.9510773,28.2526623,0.106,103,25.6,41.4,NULL
771,Mafeteng,-29.8224312,27.2388161,0.131,103,31.3,41.9,NULL
772,Maseru,-29.3632188,27.5143603,0.082,103,19.7,41.5,NULL
773,Mohale'S Hoek,-30.1425917,27.4673845,0.178,103,38.3,46.5,NULL
774,Mokhotlong,17.9557183,-77.2405153,0.291,103,61.5,47.3,NULL
775,Qacha'S-Nek,-30.1114565,28.678979,0.173,103,40.8,42.5,NULL
776,Quthing,-30.4015687,27.7080133,0.151,103,34.4,43.8,NULL
777,Thaba Tseka,-29.5238975,28.6089752,0.267,103,56.8,47,NULL
778,Sahara,31.791702,-7.09262,0.017,62,4.2,39.6,NULL
779,Souss-Massa-Draa,31.1200185,-6.0679194,0.102,62,22.4,45.7,NULL
780,El Gharb-Chrarda Bni Hssen,34.302131,-6.302078,0.084,62,19.5,43.2,NULL
781,Chaouia Ourdigha,33.0473251,-7.2652858,0.066,62,15.8,41.6,NULL
782,Marrakech-Tensift-El Haouz,31.5628076,-7.9592863,0.131,62,28.3,46.2,NULL
783,Rðgion Oriental,NULL,NULL,0.049,62,12,40.6,NULL
784,Grand Casablanca,33.5205933,-7.5680595,0.003,62,0.7,39.6,NULL
785,Rabat-Salð-Zemmour-Zair,33.8175173,-6.2375947,0.016,62,4.2,38.9,NULL
786,Doukkala-Abda,32.5997754,-8.6600586,0.06,62,14.2,42.3,NULL
787,Tadla-Azilal,32.004262,-6.5783387,0.07,62,16.7,42.2,NULL
788,Meknes-Tafilalet,31.9051275,-4.7277528,0.037,62,9.2,40.6,NULL
789,Fes-Boulemane,-4.2633597,15.2428853,0.042,62,10.1,41.7,NULL
790,Taza-Al Hoceima-Taounate,34.2581709,-4.2333355,0.123,62,28,44,NULL
791,Tanger-Tetouan,35.2629558,-5.5617279,0.083,62,19,43.7,NULL
792,Analamanga,30.8753556,31.03351,0.178,17,36.5,48.6,NULL
793,Vakinankaratra,-19.7184663,46.670534,0.357,17,70.2,50.9,NULL
794,Itasy,-18.9006786,46.9805103,0.397,17,73.8,53.8,NULL
795,Bongolava,-18.6336864,46.0563212,0.319,17,68.3,46.7,NULL
796,Haute Matsiatra,-21.3390868,46.516262,0.4,17,73.5,54.5,NULL
797,Anamoroni'i Mania,NULL,NULL,0.409,17,71.2,57.4,NULL
798,Vatovavy Fitovinany,-21.3205653,47.9218204,0.514,17,89.7,57.3,NULL
799,Ihorombe,-22.6558058,46.3624686,0.448,17,82.9,54,NULL
800,Atsimo Atsinanana,0.3148253,32.5808788,0.531,17,89.8,59.1,NULL
801,Atsinanana,-18.8131481,48.8799972,0.269,17,53.8,49.9,NULL
802,Analanjirofo,-16.507537,49.5279996,0.383,17,73.3,52.3,NULL
803,Alaotra Mangoro,-18.0284909,48.2393528,0.309,17,63.9,48.4,NULL
804,Boeny,-16.3645202,45.9039689,0.31,17,58,53.5,NULL
805,Sofia,-15.4135578,48.0803529,0.32,17,61.9,51.7,NULL
806,Betsiboka,-16.3296686,46.6226097,0.433,17,76,57,NULL
807,Melaky,-17.3776488,44.7006138,0.509,17,86.9,58.6,NULL
808,Atsimo Andrefana,-23.1485269,44.3992892,0.427,17,74.9,57,NULL
809,Androy,-24.7497835,45.4498065,0.547,17,93,58.8,NULL
810,Anosy,-23.5579591,45.9039689,0.486,17,83.2,58.5,NULL
811,Menabe,30.5972455,30.9876321,0.417,17,77.5,53.8,NULL
812,Diana,-13.4086535,49.2030851,0.294,17,60,49.1,NULL
813,Sava,-14.4407175,49.8547266,0.327,17,65.9,49.7,NULL
814,Kayes,14.4367876,-11.4452717,0.485,56,82.8,58.6,NULL
815,Koulikoro,13.8018074,-7.4381355,0.44,56,75.5,58.2,NULL
816,Sikasso,11.3223834,-5.6983979,0.484,56,83.8,57.8,NULL
817,Sðgou,NULL,NULL,0.498,56,83.2,59.8,NULL
818,Mopti,14.4874284,-4.1974627,0.594,56,90.5,65.6,NULL
819,Bamako,12.6392316,-8.0028892,0.168,56,37.3,44.9,NULL
820,Ayeyarwaddy,17.0342125,95.2266675,0.171,26,39,43.8,NULL
821,Bago,17.3220711,96.4663286,0.129,26,30.6,42.3,NULL
822,Chin,22.3896751,93.5812692,0.152,26,33.8,44.9,NULL
823,Kachin,25.850904,97.4381355,0.083,26,19,43.9,NULL
824,Kayah,19.2342061,97.2652858,0.099,26,23,43.2,NULL
825,Kayin,16.9459346,97.9592863,0.183,26,36.9,49.6,NULL
826,Magway,20.1544305,94.9454803,0.114,26,27.4,41.7,100
829,Mandalay,21.9588282,96.0891032,0.099,26,24.1,41,NULL
830,Mon,17.0626039,97.3516558,0.109,26,24.8,43.7,NULL
831,Naypyitaw,19.7633057,96.0785104,0.11,26,26.1,42.1,NULL
832,Rakhine,19.810093,93.9878427,0.258,26,51.3,50.2,NULL
833,Sagaing,21.9159702,95.9621106,0.134,26,31.6,42.6,NULL
834,Shan,22.0361985,98.1338558,0.194,26,39.5,49.3,NULL
835,Taninthayi,12.0896327,99.0115113,0.129,26,28.9,44.7,NULL
836,Yangon,16.8660694,96.195132,0.051,26,12.5,40.8,NULL
855,Khangai,47.5,100,0.075,120,18.3,41,NULL
856,Ulaanbaatar,47.8863988,106.9057439,0.006,120,1.7,35.3,30
865,Niassa,-12.7826202,36.6093926,0.443,25,79,56.1,NULL
866,Cabo Delgado,-12.3335474,39.3206241,0.525,25,87,60.4,NULL
867,Nampula,-15.1266347,39.2687161,0.4,25,74,54,NULL
868,Zambðzia,NULL,NULL,0.528,25,88.1,60,NULL
869,Tete,-16.1328104,33.6063855,0.466,25,80.5,57.9,NULL
870,Manica,-18.9438274,32.8648538,0.301,25,60.7,49.6,NULL
871,Sofala,-19.2039073,34.8624166,0.381,25,69.8,54.6,NULL
872,Inhambane,-23.8879561,35.3959879,0.295,25,60.1,49.1,NULL
873,Gaza,41.2994958,69.2400734,0.306,25,60.1,51,59
875,Maputo Provðncia,-3.18427,12.2547919,0.133,25,28.4,46.9,NULL
876,Maputo Cidade,-25.891968,32.6051351,0.043,25,10.5,41.3,NULL
877,Hodh Charghy,NULL,NULL,0.412,102,75.3,54.7,NULL
878,Hodh Gharby,16.6912149,-9.5450974,0.438,102,77.1,56.9,NULL
879,Assaba,16.7759558,-11.5248055,0.419,102,71.6,58.4,NULL
880,Gorgol,15.9717357,-12.6216211,0.46,102,79,58.1,NULL
881,Brakna,15.5006544,32.5598994,0.307,102,58.2,52.7,NULL
882,Trarza,17.8664964,-14.6587821,0.181,102,38.6,46.9,NULL
883,Adrar,19.8652176,-12.8054753,0.184,102,36.6,50.3,NULL
884,Dakhlett Nouadibou,20.5985588,-16.2522143,0.039,102,9.3,42.1,NULL
885,Tagant,18.5467527,-9.9018131,0.322,102,61.9,52,NULL
886,Guidimagha,15.2557331,-12.2547919,0.499,102,81.7,61.1,NULL
887,Tirs-Ezemour,24.5773764,-9.9018131,0.085,102,18.9,45.2,NULL
888,Nouakchott,18.0735299,-15.9582372,0.102,102,22.3,45.7,NULL
889,Balaka,-15.0506595,35.0828588,0.283,41,61.6,45.9,20
893,Blantyre City,-15.7666707,35.0167866,0.118,41,27.3,43.1,NULL
894,Blantyre Rural,NULL,NULL,0.245,41,54.6,44.9,NULL
895,Chikwawa,-16.0437784,34.8016945,0.292,41,61.8,47.3,20
898,Chitipa,-9.7037655,33.2700253,0.161,41,38.8,41.5,20
901,Chradzulu,-15.7423151,35.2587964,0.241,41,54.2,44.5,NULL
902,Dedza,-14.3816618,34.3254842,0.314,41,65.3,48.1,20
904,Dowa,-13.6514687,33.9359756,0.267,41,56.4,47.3,20
909,Karonga,-9.952536,33.9248222,0.204,41,48,42.4,20
912,Kasungu,-13.0356794,33.4719832,0.244,41,53.8,45.3,20
915,Likoma,-12.0584005,34.7354031,0.114,41,27.6,41.3,NULL
916,Lilongwe City,-13.9626121,33.7741195,0.092,41,22,41.6,NULL
917,Lilongwe Rural,29.9133171,45.2993862,0.286,41,60.7,47,NULL
918,Machinga,-14.9407263,35.4781926,0.322,41,66.6,48.4,20
921,Mangochi,-14.4861733,35.253304,0.302,41,60.6,49.9,20
925,Mchinji,-13.8000058,32.8930441,0.314,41,66.6,47.1,20
928,Mulange,-16.0252339,35.5083136,0.286,41,60.8,47,NULL
929,Mwanza,NULL,NULL,0.254,41,51.4,49.4,0
932,Mzimba,-11.7475452,33.5280072,0.205,41,45.6,44.9,20
936,Mzuzu City,-11.4389649,34.0084395,0.034,41,9.2,36.8,NULL
937,Ndanje,-16.7288202,35.1708741,0.285,41,59.1,48.2,NULL
938,Neno,-15.6850711,34.5749882,0.316,41,65.7,48.1,NULL
939,Nkhatabay,-11.6085556,34.2949409,0.215,41,48.2,44.7,75
940,Nkhota Kota,-12.9316863,34.2810541,0.245,41,51.9,47.2,NULL
941,Ntcheu,-14.9037538,34.7740793,0.211,41,49.2,43,20
945,Ntchisi,-13.2841992,33.8857747,0.259,41,55.6,46.6,20
947,Phalombe,-15.7092038,35.6532848,0.293,41,60.8,48.2,20
949,Rumphi,-11.0171949,33.8550829,0.205,41,49.2,41.7,20
951,Salima,-13.6809586,34.4198243,0.334,41,66.8,50,20
954,Thyolo,-16.069257,35.1406293,0.259,41,55.4,46.8,20
956,Zomba City,-15.3765857,35.3356518,0.053,41,12.2,42.9,NULL
957,Zomba Rural,-15.2807455,35.3991867,0.27,41,57.5,47,NULL
958,Caprivi,-17.8682455,23.5728501,0.174,116,40,43.5,NULL
959,Erongo,-22.2565682,15.4068079,0.044,116,11.2,39.1,NULL
960,Hardap,-24.2310134,17.668887,0.103,116,24.2,42.7,NULL
961,Karas,-26.8429645,17.2902839,0.098,116,22.5,43.6,NULL
962,Kavango,-18.271048,18.4276047,0.373,116,74.3,50.2,NULL
963,Khomas,-22.6377854,17.1011931,0.06,116,15.7,38.4,NULL
964,Kunene,-19.4086317,13.914399,0.238,116,48.7,48.9,NULL
965,Ohangwena,-17.5979291,16.8178377,0.348,116,70.9,49.1,NULL
966,Omaheke,-21.8466651,19.1880047,0.232,116,46.8,49.5,NULL
967,Omusati,14.9609782,-91.8074586,0.283,116,62.9,45,NULL
968,Oshana,-18.4305064,15.6881788,0.156,116,39.3,39.7,NULL
969,Oshikoto,-18.4152575,16.912251,0.218,116,47.9,45.6,NULL
970,Otjozondjupa,-20.5486916,17.668887,0.116,116,24.7,47.1,NULL
971,Agadez,16.9741689,7.986535,0.405,39,69.9,58,NULL
972,Diffa,13.3132472,12.6158803,0.556,39,90.3,61.5,NULL
973,Dosso,13.0504833,3.2080991,0.62,39,92.8,66.8,NULL
974,Maradi,13.5009779,7.1036396,0.664,39,94.1,70.6,NULL
975,Tahoua,14.8904575,5.2579968,0.646,39,92.9,69.5,NULL
976,Tillaberi,18.2783598,-72.3547915,0.609,39,92,66.1,NULL
977,Zinder,13.8018124,8.98527,0.641,39,93.6,68.5,NULL
978,Niamey,13.5115963,2.1253854,0.206,39,42.1,49,NULL
979,Sokoto,13.0058731,5.2475518,0.548,2,85.3,64.2,NULL
980,Zamfara,6.907529,3.5812692,0.605,2,91.9,65.8,NULL
981,Katsina,12.5139317,7.6114217,0.52,2,82.2,63.2,NULL
982,Jigawa,12.4460001,9.7232673,0.552,2,88.4,62.4,NULL
983,Yobe,12.1871412,11.7068294,0.635,2,90.2,70.4,NULL
984,Borno,12.1205201,13.1740348,0.401,2,70.1,57.2,NULL
985,Adamawa,9.3250497,12.4380581,0.295,2,59,49.9,NULL
986,Gombe,10.279142,11.1730615,0.471,2,76.9,61.2,NULL
987,Bauchi,4.7109886,-74.072092,0.583,2,86.6,67.3,NULL
988,Kano,12.0021794,8.5919561,0.434,2,76.4,56.8,NULL
989,Kaduna,10.5104642,7.4165053,0.311,2,56.5,55.1,100
992,Kebbi,11.6781241,4.0695454,0.553,2,86,64.3,NULL
993,Niger,10.2155388,5.3939551,0.324,2,61.2,52.9,NULL
994,FCT-Abuja,NULL,NULL,0.108,2,23.5,45.7,NULL
995,Nasarawa,-4.1128079,13.7289167,0.251,2,52.4,48,NULL
998,Taraba,8.0054917,10.2600125,0.448,2,77.7,57.7,NULL
999,Benue,7.3508259,8.8362755,0.28,2,59.2,47.3,NULL
1000,Kogi,7.9075486,6.5783387,0.113,2,26.1,43.2,NULL
1001,Kwara,11.833333,9.6,0.099,2,23.7,41.9,NULL
1002,Oyo,7.8429579,3.9368439,0.155,2,29.4,52.7,NULL
1003,Osun,7.5875843,4.5624426,0.043,2,10.9,39.7,NULL
1004,Ekiti,7.6655813,5.3102505,0.051,2,12.9,39.6,NULL
1005,Ondo,6.8959293,4.8935627,0.127,2,27.9,45.4,NULL
1006,Edo,6.5438101,5.8987139,0.08,2,19.2,41.5,NULL
1007,Anambra,6.2757656,7.0068393,0.05,2,11.2,44.5,NULL
1008,Enugu,6.4583661,7.5463885,0.123,2,28.8,42.6,NULL
1009,Ebonyi,6.177973,7.9592863,0.265,2,56,47.3,NULL
1010,Cross River,NULL,NULL,0.146,2,33.1,44.2,NULL
1011,Akwa Ibom,4.9299869,7.87216,0.099,2,23.8,41.6,NULL
1012,Abia,-23.0221928,32.7181375,0.088,2,21,42,NULL
1013,Imo,5.6038994,7.0068393,0.083,2,19.8,41.9,NULL
1014,Rivers,4.8580767,6.9209135,0.088,2,21.1,41.6,NULL
1015,Bayelsa,4.8677767,5.8987139,0.12,2,29,41.4,NULL
1016,Delta,5.5324624,5.8987139,0.107,2,25.1,42.5,NULL
1017,Lagos,6.5243793,3.3792057,0.035,2,8.5,41.1,NULL
1018,Ogun,12.8463561,23.0011989,0.112,2,26.4,42.5,NULL
1019,Nueva Segovia,13.7894404,-86.0121573,0.113,87,25.4,44.4,65
1022,Jinotega,13.0883907,-85.9993997,0.195,87,40.6,48.1,98
1024,Madriz,28.2105741,84.042456,0.104,87,23.5,44.1,NULL
1025,Esteli,13.0851139,-86.3630197,0.048,87,12,40.2,21
1030,Chinandega,12.6234721,-87.1273253,0.047,87,11.9,40.1,30
1036,Leon,28.3998551,83.6895693,0.031,87,7.2,43.2,30
1040,Matagalpa,12.9290069,-85.9151211,0.099,87,22.3,44.5,21
1052,Boaco,12.469284,-85.6614682,0.13,87,29.1,44.6,21
1054,Managua,12.1149926,-86.2361744,0.021,87,4.9,43.4,40
1058,Masaya,11.9704485,-86.0886366,0.017,87,4.3,39.9,23
1064,Chontales,11.9394717,-85.1894045,0.082,87,18.5,44.1,NULL
1065,Granada,11.9344073,-85.9560005,0.035,87,8.7,40.1,21
1070,Carazo,NULL,NULL,0.025,87,6.5,37.6,NULL
1071,Rivas,11.4326663,-85.8230251,0.036,87,9.5,37.7,21
1074,Rio San Juan,8.7686886,-12.7853522,0.133,87,28.9,46,NULL
1075,RAAN,13.8394456,-83.9320806,0.173,87,35.7,48.6,NULL
1076,RAAS,12.1918502,-84.1012861,0.132,87,28.1,47,NULL
1077,Central Hill,26.8081234,87.293039,0.05,49,11.6,42.6,NULL
1078,Central Mountain,27.719887,85.3175239,0.094,49,23.6,39.6,NULL
1079,Central Terai,27.656871,85.326855,0.199,49,42.8,46.5,NULL
1080,Eastern Hill,45.5456095,-122.5709527,0.063,49,15.6,40.6,NULL
1081,Eastern Mountain,-11.7167338,43.3680788,0.133,49,30.9,43.2,NULL
1082,Eastern Terai,8.3022297,2.302446,0.13,49,30.5,42.7,NULL
1083,Far-Western Hill,30.4899333,-97.7677687,0.226,49,50.7,44.5,NULL
1084,Far-Western Mountain,30.005,80.9283333,0.144,49,32.8,43.9,NULL
1085,Far-WesternTerai,NULL,NULL,0.092,49,22,41.7,NULL
1086,MId-Western Hill,6.1670315,8.6600586,0.213,49,47.5,44.7,NULL
1087,MId-Western Mountain,27.8168621,83.6382267,0.286,49,59.5,48,NULL
1088,MId-WesternTerai,27.7738805,84.0291794,0.134,49,30.3,44.2,NULL
1089,Western  Hill,NULL,NULL,0.072,49,16.7,43.3,NULL
1090,Western  Terai,27.7738805,84.0291794,0.112,49,25.9,43.3,NULL
1091,Western Mountain,15.4581332,36.4039629,0.104,49,26.4,39.2,NULL
1092,Punjab,31.1704063,72.7097161,0.184,4,36.6,50.3,0
1093,Sindh,25.8943018,68.5247149,0.294,4,53.2,55.4,NULL
1094,Khyber Pakhtunkhwa,34.9526205,72.331113,0.247,4,50.1,49.4,NULL
1095,Balochistan,28.4907332,65.0957792,0.402,4,70.6,57,NULL
1096,Gilgit Baltistan,35.8025667,74.9831808,0.233,4,46.9,49.8,NULL
1097,Islamabad (ICT),33.7293882,73.0931461,0.039,4,9.2,42.7,NULL
1100,ðncash,NULL,NULL,0.044,50,11.3,39.2,NULL
1101,Apurðmac,NULL,NULL,0.091,50,23.1,39.5,NULL
1102,Arequipa,-16.4090474,-71.537451,0.009,50,2.3,38,99
1106,Ayacucho,-13.1638737,-74.2235641,0.071,50,17.5,40.3,86
1109,Cajamarca,-7.1617465,-78.5127855,0.089,50,21.7,41.3,65
1110,Callao,-12.0508491,-77.1259843,0,50,0,NULL,0
1111,Cusco,-13.53195,-71.9674626,0.062,50,15.8,39,60
1113,Huancavelica,-12.7861978,-74.9764024,0.122,50,30.2,40.2,NULL
1114,Huðnuco,NULL,NULL,0.111,50,26.6,41.9,NULL
1115,Ica,-14.07546,-75.7341811,0.009,50,2.6,36.3,NULL
1116,Junðn,NULL,NULL,0.042,50,10.1,41.6,NULL
1117,La Libertad,-8.1435933,-78.4751945,0.042,50,10,41.8,57
1131,Lambayeque,-6.7197666,-79.9080757,0.038,50,9.2,40.9,NULL
1132,Lima,-12.0463731,-77.042754,0.004,50,1.2,36,0
1136,Loreto,-4.2324729,-74.2179326,0.147,50,32.5,45.2,NULL
1137,Madre de Dios,-11.7668705,-70.8119953,0.024,50,6,39.6,NULL
1138,Moquegua,-0.7917729,29.0459927,0.014,50,3.4,39.4,86
1141,Pasco,-10.4475753,-75.1545381,0.064,50,15.3,41.6,NULL
1142,Piura,-5.1782884,-80.6548882,0.05,50,12,42.2,0
1145,Puno,-15.8402218,-70.0218805,0.069,50,17,40.4,86
1148,San Martðn,NULL,NULL,0.061,50,15.2,40.2,NULL
1149,Tacna,-18.0065679,-70.2462741,0.008,50,2.2,36.7,99
1150,Tumbes,-3.5564921,-80.4270885,0.014,50,3.7,38.4,NULL
1151,Ucayali,-9.8251183,-73.087749,0.046,50,11,42.2,NULL
1152,National Capital Region,15.5942883,-90.1494988,0.026,12,6.9,38.2,NULL
1153,Cordillera Admin Region,17.3512542,121.1718851,0.039,12,8.5,45.7,NULL
1154,Ilocos Region,16.0832144,120.6199895,0.027,12,6,44.7,NULL
1155,Cagayan Valley,16.9753758,121.8107079,0.039,12,8.4,46.9,NULL
1156,Central Luzon,15.4827722,120.7120023,0.035,12,7.9,44.2,NULL
1157,Calabarzon,14.1007803,121.0793705,0.029,12,7.1,40.3,NULL
1158,Mimaropa,9.8432065,118.7364783,0.091,12,17.1,53.4,NULL
1159,Bicol Region,13.4209885,123.4136736,0.068,12,14.6,46.8,NULL
1160,Western Visayas,11.0049836,122.5372741,0.055,12,11.4,48.6,NULL
1161,Central Visayas,10.2968562,123.8886774,0.055,12,11.2,49,NULL
1162,Eastern Visayas,12.2445533,125.0388164,0.054,12,11.6,46.5,NULL
1163,Zamboanga Peninsula,-19.0552009,29.6035495,0.075,12,15.6,48.3,NULL
1164,Northern Mindanao,8.0201635,124.6856509,0.093,12,18,51.6,NULL
1165,Davao Peninsula,6.9581401,126.2176555,0.066,12,13.4,49.3,NULL
1166,Soccsksargen,6.2706918,124.6856509,0.09,12,17,52.7,NULL
1167,CARAGA,8.8014562,125.7406882,0.069,12,15,45.9,NULL
1168,Armm,6.9568313,124.2421597,0.14,12,24.9,56.2,NULL
1171,Kigali City,-1.9705786,30.1044288,0.118,65,26.3,44.8,NULL
1185,Blue Nile,11.5860078,34.1531947,0.382,16,71.8,53.2,NULL
1186,Central Darfor,NULL,NULL,0.501,16,84.7,59.2,NULL
1187,East Darfor,14.3782747,24.9042208,0.481,16,81.2,59.3,NULL
1188,Gadarif,14.024307,35.3685679,0.404,16,72.4,55.8,NULL
1189,Gezira,14.8859611,33.438353,0.165,16,34.7,47.7,NULL
1190,Kassala,-3.373056,29.918886,0.362,16,66.1,54.8,NULL
1191,Khartoum,NULL,NULL,0.077,16,17.6,43.6,NULL
1192,North Darfor,15.7661969,24.9042208,0.447,16,83.2,53.7,NULL
1193,North Kordofan,13.8306441,29.4179324,0.328,16,62.4,52.5,NULL
1200,River Nile,23.5597924,32.1577074,0.092,16,19.2,48,NULL
1201,Sinnar,13.0317108,33.9750018,0.277,16,52.2,53.2,NULL
1202,South Darfor,11.6488639,24.9042208,0.42,16,75.8,55.4,NULL
1203,South Kordofan,11.1990192,29.4179324,0.422,16,72.8,57.9,NULL
1204,West Darfor,NULL,NULL,0.458,16,78.6,58.3,NULL
1205,West Kordofan,12.6918384,28.4341996,0.468,16,80.6,58.1,NULL
1206,White Nile,13.2403881,32.5372741,0.267,16,51.7,51.6,NULL
1207,Center,14.72001,-17.465533,0.449,48,78.1,57.6,NULL
1223,Kailahun,8.2802196,-10.5718086,0.537,63,89.1,60.3,NULL
1224,Kenema,7.8632147,-11.1957172,0.477,63,84.5,56.5,66
1226,Kono,8.7663285,-10.8903099,0.511,63,88.5,57.7,NULL
1227,Bombali,9.2475837,-12.1632718,0.423,63,78.7,53.8,NULL
1228,Kambia,9.1261664,-12.9176518,0.58,63,94.3,61.5,NULL
1229,Koinadugu,9.5308619,-11.5248055,0.601,63,93.9,64.1,NULL
1230,Port Loko,5.556837,23.7632828,0.522,63,89.9,58,0
1231,Tonkolili,8.7389416,-11.7979613,0.541,63,88.9,60.9,NULL
1232,Bo,7.9551791,-11.7409946,0.449,63,80.1,56.1,66
1234,Bonthe,30.585164,36.238414,0.478,63,85.8,55.7,NULL
1235,Moyamba,8.1620514,-12.4351923,0.569,63,94.6,60.2,NULL
1236,Pujehun,7.3723295,-11.6157773,0.537,63,91.5,58.7,NULL
1237,Western Rural,8.3114983,-13.035694,0.319,63,67.7,47.1,NULL
1238,Western Urban,17.4891317,-88.188656,0.191,63,41.5,46.1,NULL
1239,Ahuachapan,13.8216148,-89.9253233,0.03,83,7.4,40.2,57
1247,Cabanas,13.8648288,-88.7493998,0.046,83,11.6,39.8,NULL
1248,Chalatenango,14.0164187,-88.9126449,0.036,83,8.7,41.7,57
1250,Cuscatlan,13.8661957,-89.0561532,0.025,83,5.6,44.6,NULL
1289,La Union,13.3323464,-87.8500644,0.054,83,13,41.9,NULL
1290,Morazan,13.7682,-88.1291387,0.04,83,10.5,38.4,NULL
1291,San Miguel,13.4792922,-88.1779182,0.03,83,7.1,41.6,57
1307,San Salvador,13.6929403,-89.2181911,0.01,83,2.6,40.3,57
1309,San Vicente,13.6390979,-88.7830612,0.02,83,5.5,36.9,57
1330,Santa Ana,13.9778279,-89.5639119,0.027,83,6.1,43.7,57
1338,Sonsonate,13.7113876,-89.7239097,0.046,83,10.5,43.8,57
1346,Usulutan,13.4470634,-88.556531,0.03,83,7.3,40.9,NULL
1347,Upper Nile,9.8894202,32.7181375,0.503,59,86.3,58.3,NULL
1348,Jonglei and Unity,NULL,NULL,0.628,59,97.5,64.4,NULL
1349,Warap,8.2209308,28.8596804,0.661,59,98.7,67,NULL
1350,Northern Bahr el Ghazal,8.5360449,26.7967849,0.652,59,97.4,66.9,NULL
1351,Western Bahr el Ghazal,8.6452399,25.2837585,0.491,59,84.9,57.9,NULL
1352,Lakes,6.6030799,29.9740534,0.605,59,96.9,62.5,NULL
1353,Western Equatoria,5.3471799,28.299435,0.456,59,85.2,53.5,NULL
1354,Central Equatoria,4.6144063,31.2626366,0.391,59,75.6,51.7,NULL
1355,Eastern Equatoria,5.0692995,33.438353,0.561,59,92.5,60.7,NULL
1360,Paramaribo,5.8520355,-55.2038278,0.007,133,1.9,35.5,NULL
1361,Wanica,5.7323762,-55.2701235,0.013,133,3.5,38.8,NULL
1362,Nickerie,5.5855469,-56.8311117,0.012,133,3.4,34.9,95
1363,Coronie,5.6943271,-56.2929381,0.006,133,1.7,33.3,NULL
1364,Saramacca,5.7240813,-55.6689636,0.011,133,2.8,39.4,NULL
1365,Commewijne,5.740211,-54.8731219,0.008,133,2.3,35.3,NULL
1366,Marowijne,5.6268128,-54.2593118,0.026,133,6.7,39.3,NULL
1367,Para,8.1911184,-9.7232673,0.023,133,6,38.4,NULL
1368,Brokopondo,4.7524091,-55.0272904,0.057,133,14.5,39.2,NULL
1369,Sipaliwini,6.546426,-58.0982046,0.172,133,38.9,44.1,NULL
1370,Hhohho,-26.1365662,31.3541631,0.054,111,12.8,42,NULL
1371,Lubombo,-26.7851773,31.8107079,0.098,111,22.7,43.1,NULL
1372,Manzini,-26.5081999,31.3713164,0.041,111,10.2,39.9,NULL
1373,Shiselweni,12.4166,-3.4195527,0.101,111,24.7,41,NULL
1374,Damascus,33.5138073,36.2765279,0.003,22,0.8,34.1,NULL
1375,Halab,36.2021047,37.1342603,0.026,22,7.1,37.1,NULL
1376,Rural Damascus,33.5167289,36.954107,0.009,22,2.2,40.2,NULL
1377,Hums,34.2567123,38.3165725,0.007,22,2.1,34.5,NULL
1378,Hama,-3.5778471,102.3463875,0.01,22,2.9,34.8,NULL
1379,Latequia,35.5407103,35.7952667,0.004,22,1.1,38.3,NULL
1380,Edlb,NULL,NULL,0.019,22,5.3,35.9,NULL
1381,Hasaka,36.507867,40.7462671,0.028,22,7.2,38.6,NULL
1382,Dir Ezor,35.3296518,40.1350341,0.047,22,12,39.2,NULL
1383,Tortous,11.2336911,-60.6988909,0,22,0.1,33.3,NULL
1384,Raqa,35.9594106,38.9981052,0.028,22,7.4,37.6,NULL
1385,Daraa,32.626434,36.1033061,0.011,22,3,35.7,NULL
1386,As-swidaa,32.7128968,36.5662858,0.002,22,0.6,35.1,NULL
1387,Qonitara,NULL,NULL,0.011,22,2.9,37.1,NULL
1388,Barh El Gazal,13.6680378,16.4235227,0.654,54,95.7,68.3,NULL
1389,Batha,13.9371775,18.4276047,0.659,54,95.7,68.8,NULL
1390,Borkou/Tibesti,20.78,18.05,0.537,54,89,60.4,NULL
1391,Chari Baguirmi,11.2564207,16.1580937,0.646,54,96.9,66.7,NULL
1392,Ennedi,17.5414578,21.8568586,0.625,54,96.8,64.6,NULL
1393,GuðRa,NULL,NULL,0.643,54,95.4,67.4,NULL
1394,Hadjer-Lamis,12.4577273,16.7234639,0.654,54,95.4,68.6,NULL
1395,Kanem,12.90616,105.2194808,0.696,54,98.5,70.7,NULL
1396,Lac,18.3281428,-77.2405153,0.744,54,98.1,75.9,69
1398,Logone Occidental,8.759676,15.876004,0.44,54,79.1,55.6,NULL
1399,Logone Oriental,-29.2875557,29.0605389,0.504,54,86.3,58.4,NULL
1400,Mandoul,8.603091,17.4795173,0.529,54,88.1,60,NULL
1401,Mayo Kebbi Est,9.4046039,14.8454619,0.509,54,86.1,59.2,NULL
1402,Mayo Kebbi Ouest,10.4113014,15.5943388,0.479,54,85,56.3,NULL
1403,Moyen Chari,9.0639998,18.4276047,0.411,54,74.1,55.5,NULL
1404,N'DjamðNa,NULL,NULL,0.257,54,52.7,48.7,NULL
1405,Ouaddað,NULL,NULL,0.683,54,95.3,71.7,NULL
1406,Salamat,NULL,NULL,0.678,54,97.8,69.4,NULL
1407,Sila,12.13074,21.2845025,0.697,54,98.9,70.4,NULL
1408,Tandjilð,8.3149949,16.3463791,0.487,54,84.3,57.7,NULL
1409,Wadi Fira,15.0892416,21.4752851,0.709,54,99,71.6,NULL
1410,Commune de Lome,6.1724969,1.2313618,0.067,68,16.4,40.8,NULL
1411,Region Maritime,6.4913504,1.2891036,0.243,68,50.9,47.6,NULL
1412,Region des Plateaux,7.6101378,1.0586135,0.325,68,62.7,51.8,NULL
1413,Region Centrale,8.6586029,1.0586135,0.236,68,52.5,44.9,NULL
1414,Region de la Kara,9.7216393,1.0586135,0.324,68,63.3,51.3,NULL
1415,Region des Savanes,10.5291781,0.5257823,0.439,68,76.9,57.1,NULL
1416,Dushanbe,38.5597722,68.7870384,0.021,77,6.1,34.5,80
1431,Gorno-Badakhshan Autonomous Oblast,37.8450708,73.0394697,0.048,77,12.1,40,NULL
1432,Sughd,39.5155326,69.097023,0.033,77,8.1,41.2,NULL
1433,Districts of Republican Subordination,39.0857902,70.2408325,0.045,77,11.4,39.2,NULL
1434,Khatlon,37.9113562,69.097023,0.086,77,20.5,41.7,0
1437,Aileu,3.427805,-76.486824,0.379,125,73,51.9,30
1438,Ainaro,-9.0113171,125.5220012,0.444,125,79.7,55.7,NULL
1439,Baucau,-8.4731006,126.4553727,0.357,125,71.3,50,30
1441,Bobonaro,-8.9655406,125.2587964,0.406,125,75.9,53.5,NULL
1442,Cova Lima,-9.2650375,125.2587964,0.31,125,62.1,49.9,NULL
1443,Dili,-8.5568557,125.5603143,0.127,125,28.6,44.3,30
1444,Ermera,-8.8068883,125.3466253,0.497,125,87,57.2,30
1446,Liquica,-8.6674095,125.2587964,0.387,125,70,55.3,NULL
1447,Lautem,-8.5531846,126.9970831,0.373,125,73.1,51,NULL
1448,Manufahi,-9.0145495,125.8279959,0.353,125,68.4,51.6,NULL
1449,Manatuto,NULL,NULL,0.295,125,60.6,48.7,NULL
1450,Oecussi,-9.2970576,124.2866091,0.508,125,86.2,58.9,NULL
1451,Viqueque,-8.8597918,126.3633516,0.41,125,79,51.9,30
1453,North West,10.6527887,-61.4246961,0.023,142,6.4,35.2,NULL
1462,North Central,10.6467643,-61.4227551,0.02,142,5.7,34.4,NULL
1463,South West,10.691803,-61.222503,0.016,142,4.3,36.2,NULL
1464,Tobago,-16.9620634,26.419389,0.019,142,5.4,34.3,NULL
1481,Lake,-6.2555679,29.5107708,0.346,28,66.7,51.9,NULL
1486,South West Highlands,5.4817318,-55.2259207,0.312,28,64.2,48.6,NULL
1487,Southern,-34.9478961,138.5812844,0.296,28,61.8,47.9,NULL
1490,Southern Highlands,7.5257028,-12.5039922,0.226,28,50.3,44.9,NULL
1498,Zanzibar,-6.1357295,39.3621196,0.143,28,30.5,46.9,NULL
1499,Kampala,0.3475964,32.5825197,0.076,45,17.3,43.9,NULL
1515,Central 1,8.4545561,-13.2432632,0.3,45,59.5,50.4,NULL
1516,Central 2,0.3729261,32.6357573,0.294,45,61,48.3,NULL
1517,East Central,0.2540775,31.9928078,0.371,45,74.7,49.7,NULL
1534,Karamoja,2.8308738,34.1531947,0.634,45,96.5,65.7,NULL
1535,West Nile,0.3157239,32.575568,0.484,45,84.9,57,NULL
1543,Southwest,1.373333,32.290275,0.4,45,74.6,53.6,NULL
1562,Central-Eastern,6.2374036,-0.4502368,0.004,66,1.1,34.7,NULL
1571,Tashkent,NULL,NULL,0.001,66,0.4,33.3,NULL
1572,Red River Delta,20.9033868,105.9699878,0.013,33,3.8,34.8,NULL
1573,Northern Midlands and Mountain area,NULL,NULL,0.064,33,14.4,44.7,NULL
1574,North Central and Central Coastal area,15.1738009,108.6175626,0.024,33,6.3,38.8,NULL
1575,Central Highlands,13.0635025,108.2377519,0.057,33,12.8,44.3,NULL
1576,South East,14.058324,108.277199,0.017,33,4.4,39.1,NULL
1577,Mekong River Delta,10.063363,105.5943388,0.03,33,7.5,39.7,NULL
1578,Ibb,13.9720929,44.1625338,0.2,20,41.9,47.7,27
1581,Abyan,13.6343413,46.0563212,0.136,20,29.8,45.7,NULL
1582,Sanaa City,15.3694451,44.1910066,0.057,20,14.3,39.6,NULL
1583,Al-Baidha,13.9889146,45.5771002,0.191,20,38,50.3,NULL
1584,Taiz,13.5775886,44.0177989,0.207,20,41.4,50.1,NULL
1585,Al-Jawf,16.7901819,45.2993862,0.214,20,46.4,46.1,NULL
1586,Hajjah,15.7030403,43.6039301,0.447,20,76,58.8,NULL
1587,Al-Hodiedah,14.7909118,42.9708838,0.343,20,62.2,55.1,NULL
1588,Hadramout,16.9304135,49.3653149,0.12,20,26.5,45.1,27
1589,Dhamar,14.5455447,44.4087348,0.325,20,60.9,53.4,27
1592,Shabwah,-2.8441371,119.2320784,0.163,20,36.6,44.4,NULL
1593,Sadah,16.9509413,43.7477743,0.278,20,56.1,49.5,NULL
1594,Sanaa,15.3694451,44.1910066,0.255,20,51.5,49.6,NULL
1595,Aden,12.7854969,45.0186548,0.062,20,15,41.1,27
1598,Lahj,13.1489588,44.8505495,0.176,20,36.3,48.4,NULL
1599,Mareb,15.4700312,45.3228575,0.214,20,45.9,46.7,NULL
1600,Al-Mhweit,15.4687838,43.5462744,0.349,20,64.6,54,NULL
1601,Al-Mhrah,16.5238423,51.6834275,0.105,20,21.6,48.8,NULL
1602,Amran,15.6620639,43.9341408,0.322,20,60.2,53.6,NULL
1603,Aldhalae,NULL,NULL,0.2,20,42.4,47.1,NULL
1604,Reimah,14.883333,43.55,0.381,20,72.4,52.6,NULL
1613,Copperbelt,-13.0570073,27.5495846,0.158,35,34.1,46.3,NULL
1622,Luapula,-11.564831,29.0459927,0.392,35,75.9,51.6,NULL
1623,Lusaka,-15.3875259,28.3228165,0.112,35,26,42.9,20
1630,Muchinga,-15.3780734,28.2579161,0.368,35,72,51.2,NULL
1635,North Western,-13.0050258,24.9042208,0.334,35,67.3,49.7,NULL
1646,Bulawayo,-20.1325066,28.626479,0.014,31,3.8,36.8,NULL
1647,Harare,20.3254175,104.1001326,0.038,31,9.6,39.8,99
1650,Manicaland,-18.9216386,32.174605,0.168,31,39.1,42.9,NULL
1651,Mashonaland Central,-16.7644295,31.0793705,0.21,31,48,43.8,NULL
1652,Mashonaland East,-18.5871642,31.2626366,0.14,31,33.5,41.9,NULL
1653,Mashonaland West,-17.4851029,29.7889248,0.192,31,43.7,44.1,NULL
1654,Masvingo,-20.0791909,30.8384093,0.174,31,38.9,44.7,NULL
1655,Matabeleland North,-18.5331566,27.5495846,0.238,31,53.4,44.5,NULL
1656,Matabeleland South,-21.052337,29.0459927,0.164,31,38.2,42.8,NULL
1657,Midlands,-18.4070294,14.8454619,0.176,31,40.5,43.5,NULL
